{
    "name": "root",
    "gauges": {
        "BasiqueAgentAdvanced.Policy.Entropy.mean": {
            "value": 1.428926706314087,
            "min": 1.4181716442108154,
            "max": 1.4311482906341553,
            "count": 500
        },
        "BasiqueAgentAdvanced.Policy.Entropy.sum": {
            "value": 14300.6982421875,
            "min": 13935.8466796875,
            "max": 14518.1357421875,
            "count": 500
        },
        "BasiqueAgentAdvanced.Step.mean": {
            "value": 4999995.0,
            "min": 9992.0,
            "max": 4999995.0,
            "count": 500
        },
        "BasiqueAgentAdvanced.Step.sum": {
            "value": 4999995.0,
            "min": 9992.0,
            "max": 4999995.0,
            "count": 500
        },
        "BasiqueAgentAdvanced.Policy.ExtrinsicValueEstimate.mean": {
            "value": 0.8175681233406067,
            "min": -0.7157491445541382,
            "max": 0.8396655321121216,
            "count": 500
        },
        "BasiqueAgentAdvanced.Policy.ExtrinsicValueEstimate.sum": {
            "value": 354.0069885253906,
            "min": -114.51985931396484,
            "max": 368.4842224121094,
            "count": 500
        },
        "BasiqueAgentAdvanced.Environment.EpisodeLength.mean": {
            "value": 22.124711316397228,
            "min": 21.316258351893097,
            "max": 653.125,
            "count": 500
        },
        "BasiqueAgentAdvanced.Environment.EpisodeLength.sum": {
            "value": 9580.0,
            "min": 7098.0,
            "max": 11806.0,
            "count": 500
        },
        "BasiqueAgentAdvanced.Environment.CumulativeReward.mean": {
            "value": 0.9071114841014079,
            "min": -0.5906373803382334,
            "max": 1.0670977453842307,
            "count": 500
        },
        "BasiqueAgentAdvanced.Environment.CumulativeReward.sum": {
            "value": 392.7792726159096,
            "min": -16.973116838373244,
            "max": 413.87226074934006,
            "count": 500
        },
        "BasiqueAgentAdvanced.Policy.ExtrinsicReward.mean": {
            "value": 0.9071114841014079,
            "min": -0.5906373803382334,
            "max": 1.0670977453842307,
            "count": 500
        },
        "BasiqueAgentAdvanced.Policy.ExtrinsicReward.sum": {
            "value": 392.7792726159096,
            "min": -16.973116838373244,
            "max": 413.87226074934006,
            "count": 500
        },
        "BasiqueAgentAdvanced.IsTraining.mean": {
            "value": 1.0,
            "min": 1.0,
            "max": 1.0,
            "count": 500
        },
        "BasiqueAgentAdvanced.IsTraining.sum": {
            "value": 1.0,
            "min": 1.0,
            "max": 1.0,
            "count": 500
        },
        "BasiqueAgentAdvanced.Losses.PolicyLoss.mean": {
            "value": 0.028650199808180333,
            "min": 0.012954691921671231,
            "max": 0.03405041575121383,
            "count": 487
        },
        "BasiqueAgentAdvanced.Losses.PolicyLoss.sum": {
            "value": 0.028650199808180333,
            "min": 0.012954691921671231,
            "max": 0.03405041575121383,
            "count": 487
        },
        "BasiqueAgentAdvanced.Losses.ValueLoss.mean": {
            "value": 0.03465245353678862,
            "min": 0.003409519287136694,
            "max": 0.06479593353966871,
            "count": 487
        },
        "BasiqueAgentAdvanced.Losses.ValueLoss.sum": {
            "value": 0.03465245353678862,
            "min": 0.003409519287136694,
            "max": 0.06479593353966871,
            "count": 487
        },
        "BasiqueAgentAdvanced.Policy.LearningRate.mean": {
            "value": 1.6089946700000164e-08,
            "min": 1.6089946700000164e-08,
            "max": 2.9938512204960012e-05,
            "count": 487
        },
        "BasiqueAgentAdvanced.Policy.LearningRate.sum": {
            "value": 1.6089946700000164e-08,
            "min": 1.6089946700000164e-08,
            "max": 2.9938512204960012e-05,
            "count": 487
        },
        "BasiqueAgentAdvanced.Policy.Epsilon.mean": {
            "value": 0.10005329999999998,
            "min": 0.10005329999999998,
            "max": 0.19979503999999995,
            "count": 487
        },
        "BasiqueAgentAdvanced.Policy.Epsilon.sum": {
            "value": 0.10005329999999998,
            "min": 0.10005329999999998,
            "max": 0.19979503999999995,
            "count": 487
        },
        "BasiqueAgentAdvanced.Policy.Beta.mean": {
            "value": 1.2659670000000027e-05,
            "min": 1.2659670000000027e-05,
            "max": 0.004989772495999999,
            "count": 487
        },
        "BasiqueAgentAdvanced.Policy.Beta.sum": {
            "value": 1.2659670000000027e-05,
            "min": 1.2659670000000027e-05,
            "max": 0.004989772495999999,
            "count": 487
        }
    },
    "metadata": {
        "timer_format_version": "0.1.0",
        "start_time_seconds": "1673262072",
        "python_version": "3.9.9 (tags/v3.9.9:ccb0e6a, Nov 15 2021, 18:08:50) [MSC v.1929 64 bit (AMD64)]",
        "command_line_arguments": "C:\\Users\\enzo1\\Documents\\ENIB S9\\IML\\projet\\venv\\Scripts\\mlagents-learn config/default_PPO_configuration.yaml --run-id=advancedAgent_1_OBS",
        "mlagents_version": "0.30.0",
        "mlagents_envs_version": "0.30.0",
        "communication_protocol_version": "1.5.0",
        "pytorch_version": "1.7.1+cu110",
        "numpy_version": "1.21.2",
        "end_time_seconds": "1673268350"
    },
    "total": 6278.4125239,
    "count": 1,
    "self": 0.019797200000539306,
    "children": {
        "run_training.setup": {
            "total": 0.11762320000000015,
            "count": 1,
            "self": 0.11762320000000015
        },
        "TrainerController.start_learning": {
            "total": 6278.2751035,
            "count": 1,
            "self": 12.88732059989161,
            "children": {
                "TrainerController._reset_env": {
                    "total": 8.6675894,
                    "count": 1,
                    "self": 8.6675894
                },
                "TrainerController.advance": {
                    "total": 6256.674001400109,
                    "count": 737320,
                    "self": 12.668261599965263,
                    "children": {
                        "env_step": {
                            "total": 4882.803251100325,
                            "count": 737320,
                            "self": 3866.7043484004716,
                            "children": {
                                "SubprocessEnvManager._take_step": {
                                    "total": 1007.9942369997236,
                                    "count": 737320,
                                    "self": 34.51056219969519,
                                    "children": {
                                        "TorchPolicy.evaluate": {
                                            "total": 973.4836748000284,
                                            "count": 625013,
                                            "self": 973.4836748000284
                                        }
                                    }
                                },
                                "workers": {
                                    "total": 8.104665700129779,
                                    "count": 737320,
                                    "self": 0.0,
                                    "children": {
                                        "worker_root": {
                                            "total": 6255.685011700098,
                                            "count": 737320,
                                            "is_parallel": true,
                                            "self": 3068.9566137999564,