{
    "name": "root",
    "gauges": {
        "BasiqueAgentAdvanced.Policy.Entropy.mean": {
            "value": 1.4194365739822388,
            "min": 1.4099482297897339,
            "max": 1.430365800857544,
            "count": 100
        },
        "BasiqueAgentAdvanced.Policy.Entropy.sum": {
            "value": 14160.2998046875,
            "min": 13947.705078125,
            "max": 14484.521484375,
            "count": 100
        },
        "BasiqueAgentAdvanced.Environment.EpisodeLength.mean": {
            "value": 11.936610608020699,
            "min": 10.601930036188179,
            "max": 246.0,
            "count": 100
        },
        "BasiqueAgentAdvanced.Environment.EpisodeLength.sum": {
            "value": 9227.0,
            "min": 8389.0,
            "max": 11011.0,
            "count": 100
        },
        "BasiqueAgentAdvanced.Step.mean": {
            "value": 999992.0,
            "min": 9969.0,
            "max": 999992.0,
            "count": 100
        },
        "BasiqueAgentAdvanced.Step.sum": {
            "value": 999992.0,
            "min": 9969.0,
            "max": 999992.0,
            "count": 100
        },
        "BasiqueAgentAdvanced.Policy.ExtrinsicValueEstimate.mean": {
            "value": 0.8621358871459961,
            "min": -0.5531693696975708,
            "max": 0.8850764036178589,
            "count": 100
        },
        "BasiqueAgentAdvanced.Policy.ExtrinsicValueEstimate.sum": {
            "value": 687.9844360351562,
            "min": -104.54901123046875,
            "max": 742.5791015625,
            "count": 100
        },
        "BasiqueAgentAdvanced.Environment.CumulativeReward.mean": {
            "value": 0.8747813652328578,
            "min": -1.0391314011067152,
            "max": 0.909863832506996,
            "count": 100
        },
        "BasiqueAgentAdvanced.Environment.CumulativeReward.sum": {
            "value": 676.2059953249991,
            "min": -84.04113432019949,
            "max": 736.3738070148975,
            "count": 100
        },
        "BasiqueAgentAdvanced.Policy.ExtrinsicReward.mean": {
            "value": 0.8747813652328578,
            "min": -1.0391314011067152,
            "max": 0.909863832506996,
            "count": 100
        },
        "BasiqueAgentAdvanced.Policy.ExtrinsicReward.sum": {
            "value": 676.2059953249991,
            "min": -84.04113432019949,
            "max": 736.3738070148975,
            "count": 100
        },
        "BasiqueAgentAdvanced.IsTraining.mean": {
            "value": 1.0,
            "min": 1.0,
            "max": 1.0,
            "count": 100
        },
        "BasiqueAgentAdvanced.IsTraining.sum": {
            "value": 1.0,
            "min": 1.0,
            "max": 1.0,
            "count": 100
        },
        "BasiqueAgentAdvanced.Losses.PolicyLoss.mean": {
            "value": 0.022429014525065818,
            "min": 0.01515372033851842,
            "max": 0.030654518166556954,
            "count": 97
        },
        "BasiqueAgentAdvanced.Losses.PolicyLoss.sum": {
            "value": 0.022429014525065818,
            "min": 0.01515372033851842,
            "max": 0.030654518166556954,
            "count": 97
        },
        "BasiqueAgentAdvanced.Losses.ValueLoss.mean": {
            "value": 0.11816630537311236,
            "min": 0.03945616285006205,
            "max": 0.1777985004087289,
            "count": 97
        },
        "BasiqueAgentAdvanced.Losses.ValueLoss.sum": {
            "value": 0.11816630537311236,
            "min": 0.03945616285006205,
            "max": 0.1777985004087289,
            "count": 97
        },
        "BasiqueAgentAdvanced.Policy.LearningRate.mean": {
            "value": 4.630099537000023e-06,
            "min": 4.630099537000023e-06,
            "max": 0.0009897000010299997,
            "count": 97
        },
        "BasiqueAgentAdvanced.Policy.LearningRate.sum": {
            "value": 4.630099537000023e-06,
            "min": 4.630099537000023e-06,
            "max": 0.0009897000010299997,
            "count": 97
        },
        "BasiqueAgentAdvanced.Policy.Epsilon.mean": {
            "value": 0.10000000000000003,
            "min": 0.10000000000000003,
            "max": 0.10000000000000003,
            "count": 97
        },
        "BasiqueAgentAdvanced.Policy.Epsilon.sum": {
            "value": 0.10000000000000003,
            "min": 0.10000000000000003,
            "max": 0.10000000000000003,
            "count": 97
        },
        "BasiqueAgentAdvanced.Policy.Beta.mean": {
            "value": 3.31037000000001e-05,
            "min": 3.31037000000001e-05,
            "max": 0.004948602999999999,
            "count": 97
        },
        "BasiqueAgentAdvanced.Policy.Beta.sum": {
            "value": 3.31037000000001e-05,
            "min": 3.31037000000001e-05,
            "max": 0.004948602999999999,
            "count": 97
        }
    },
    "metadata": {
        "timer_format_version": "0.1.0",
        "start_time_seconds": "1673356339",
        "python_version": "3.9.9 (tags/v3.9.9:ccb0e6a, Nov 15 2021, 18:08:50) [MSC v.1929 64 bit (AMD64)]",
        "command_line_arguments": "C:\\Users\\Benjamin\\IML_Project_RL-main\\IML_Project_RL\\venv\\Scripts\\mlagents-learn Config\\default_PPO_configuration.yaml --run-id=Training_Fay_14",
        "mlagents_version": "0.30.0",
        "mlagents_envs_version": "0.30.0",
        "communication_protocol_version": "1.5.0",
        "pytorch_version": "1.7.1+cu110",
        "numpy_version": "1.21.2",
        "end_time_seconds": "1673357770"
    },
    "total": 1431.1295708,
    "count": 1,
    "self": 0.008271899999954258,
    "children": {
        "run_training.setup": {
            "total": 0.10994689999999974,
            "count": 1,
            "self": 0.10994689999999974
        },
        "TrainerController.start_learning": {
            "total": 1431.011352,
            "count": 1,
            "self": 3.133809000016072,
            "children": {
                "TrainerController._reset_env": {
                    "total": 17.8752037,
                    "count": 1,
                    "self": 17.8752037
                },
                "TrainerController.advance": {
                    "total": 1409.9417066999838,
                    "count": 155788,
                    "self": 2.90038969997795,
                    "children": {
                        "env_step": {
                            "total": 1052.911470600006,
                            "count": 155788,
                            "self": 851.6376259000001,
                            "children": {
                                "SubprocessEnvManager._take_step": {
                                    "total": 199.3382985000216,
                                    "count": 155788,
                                    "self": 7.550507899983586,
                                    "children": {
                                        "TorchPolicy.evaluate": {
                                            "total": 191.78779060003802,
                                            "count": 125014,
                                            "self": 191.78779060003802
                                        }
                                    }
                                },
                                "workers": {
                                    "total": 1.9355461999842483,
                                    "count": 155788,
                                    "self": 0.0,
                                    "children": {
                                        "worker_root": {
                                            "total": 1410.1896729000414,
                                            "count": 155788,
                                            "is_parallel": true,
                                            "self": 711.8005732000479,