{
    "name": "root",
    "gauges": {
        "BasiqueAgent.Policy.Entropy.mean": {
            "value": 1.3880510330200195,
            "min": 1.3880510330200195,
            "max": 1.4300241470336914,
            "count": 10
        },
        "BasiqueAgent.Policy.Entropy.sum": {
            "value": 69380.34375,
            "min": 69380.34375,
            "max": 71804.609375,
            "count": 10
        },
        "BasiqueAgent.Environment.EpisodeLength.mean": {
            "value": 12.178392621870882,
            "min": 12.178392621870882,
            "max": 131.25537634408602,
            "count": 10
        },
        "BasiqueAgent.Environment.EpisodeLength.sum": {
            "value": 46217.0,
            "min": 46217.0,
            "max": 49890.0,
            "count": 10
        },
        "BasiqueAgent.Step.mean": {
            "value": 499997.0,
            "min": 49967.0,
            "max": 499997.0,
            "count": 10
        },
        "BasiqueAgent.Step.sum": {
            "value": 499997.0,
            "min": 49967.0,
            "max": 499997.0,
            "count": 10
        },
        "BasiqueAgent.Policy.ExtrinsicValueEstimate.mean": {
            "value": 0.938490629196167,
            "min": 0.22062629461288452,
            "max": 0.938490629196167,
            "count": 10
        },
        "BasiqueAgent.Policy.ExtrinsicValueEstimate.sum": {
            "value": 3561.572021484375,
            "min": 226.5832061767578,
            "max": 3561.572021484375,
            "count": 10
        },
        "BasiqueAgent.Environment.CumulativeReward.mean": {
            "value": 0.9994729907773386,
            "min": 0.021505376344086023,
            "max": 1.0,
            "count": 10
        },
        "BasiqueAgent.Environment.CumulativeReward.sum": {
            "value": 3793.0,
            "min": 8.0,
            "max": 3793.0,
            "count": 10
        },
        "BasiqueAgent.Policy.ExtrinsicReward.mean": {
            "value": 0.9994729907773386,
            "min": 0.021505376344086023,
            "max": 1.0,
            "count": 10
        },
        "BasiqueAgent.Policy.ExtrinsicReward.sum": {
            "value": 3793.0,
            "min": 8.0,
            "max": 3793.0,
            "count": 10
        },
        "BasiqueAgent.Losses.PolicyLoss.mean": {
            "value": 0.02515388948377222,
            "min": 0.0228419222154965,
            "max": 0.027691831164993342,
            "count": 10
        },
        "BasiqueAgent.Losses.PolicyLoss.sum": {
            "value": 0.1257694474188611,
            "min": 0.09375182484897475,
            "max": 0.1384591558249667,
            "count": 10
        },
        "BasiqueAgent.Losses.ValueLoss.mean": {
            "value": 0.00160238491022028,
            "min": 0.0009622771040691683,
            "max": 0.02532377972578009,
            "count": 10
        },
        "BasiqueAgent.Losses.ValueLoss.sum": {
            "value": 0.0080119245511014,
            "min": 0.0038491084162766732,
            "max": 0.10129511890312036,
            "count": 10
        },
        "BasiqueAgent.Policy.LearningRate.mean": {
            "value": 1.6918654360479992e-05,
            "min": 1.6918654360479992e-05,
            "max": 0.00028458705513764997,
            "count": 10
        },
        "BasiqueAgent.Policy.LearningRate.sum": {
            "value": 8.459327180239996e-05,
            "min": 8.459327180239996e-05,
            "max": 0.0012842322719225998,
            "count": 10
        },
        "BasiqueAgent.Policy.Epsilon.mean": {
            "value": 0.10563951999999999,
            "min": 0.10563951999999999,
            "max": 0.19486235000000002,
            "count": 10
        },
        "BasiqueAgent.Policy.Epsilon.sum": {
            "value": 0.5281975999999999,
            "min": 0.5004586,
            "max": 0.9280773999999999,
            "count": 10
        },
        "BasiqueAgent.Policy.Beta.mean": {
            "value": 0.0002914120479999999,
            "min": 0.0002914120479999999,
            "max": 0.004743631264999999,
            "count": 10
        },
        "BasiqueAgent.Policy.Beta.sum": {
            "value": 0.0014570602399999997,
            "min": 0.0014570602399999997,
            "max": 0.02141106226,
            "count": 10
        },
        "BasiqueAgent.IsTraining.mean": {
            "value": 1.0,
            "min": 1.0,
            "max": 1.0,
            "count": 10
        },
        "BasiqueAgent.IsTraining.sum": {
            "value": 1.0,
            "min": 1.0,
            "max": 1.0,
            "count": 10
        }
    },
    "metadata": {
        "timer_format_version": "0.1.0",
        "start_time_seconds": "1672841812",
        "python_version": "3.9.9 (tags/v3.9.9:ccb0e6a, Nov 15 2021, 18:08:50) [MSC v.1929 64 bit (AMD64)]",
        "command_line_arguments": "C:\\Users\\Benjamin\\IML_Project_RL-main\\IML_Project_RL\\venv\\Scripts\\mlagents-learn Config\\default_PPO_configuration.yaml --run-id=Training_Classic",
        "mlagents_version": "0.30.0",
        "mlagents_envs_version": "0.30.0",
        "communication_protocol_version": "1.5.0",
        "pytorch_version": "1.7.1+cu110",
        "numpy_version": "1.21.2",
        "end_time_seconds": "1672842296"
    },
    "total": 483.11346710000004,
    "count": 1,
    "self": 0.007489700000007815,
    "children": {
        "run_training.setup": {
            "total": 0.09312560000000003,
            "count": 1,
            "self": 0.09312560000000003
        },
        "TrainerController.start_learning": {
            "total": 483.0128518,
            "count": 1,
            "self": 1.0440769000056775,
            "children": {
                "TrainerController._reset_env": {
                    "total": 6.841661800000001,
                    "count": 1,
                    "self": 6.841661800000001
                },
                "TrainerController.advance": {
                    "total": 475.08651489999437,
                    "count": 48784,
                    "self": 0.8893850999979236,
                    "children": {
                        "env_step": {
                            "total": 295.3081062999999,
                            "count": 48784,
                            "self": 224.48517989999732,
                            "children": {
                                "SubprocessEnvManager._take_step": {
                                    "total": 70.20888600000262,
                                    "count": 48784,
                                    "self": 2.0968238000056374,
                                    "children": {
                                        "TorchPolicy.evaluate": {
                                            "total": 68.11206219999698,
                                            "count": 31259,
                                            "self": 68.11206219999698
                                        }
                                    }
                                },
                                "workers": {
                                    "total": 0.6140403999999453,
                                    "count": 48784,
                                    "self": 0.0,
                                    "children": {
                                        "worker_root": {
                                            "total": 476.16001229999966,
                                            "count": 48784,
                                            "is_parallel": true,
                                            "self": 303.01990220000073,
                                            "children": {
                                                "steps_from_proto": {
                                                    "total": 0.00035309999999988406,
                                                    "count": 1,
                                                    "is_parallel": true,