{
    "name": "root",
    "gauges": {
        "BasiqueAgent.Policy.Entropy.mean": {
            "value": 1.2993059158325195,
            "min": 1.2993059158325195,
            "max": 1.4153317213058472,
            "count": 10
        },
        "BasiqueAgent.Policy.Entropy.sum": {
            "value": 64861.3515625,
            "min": 64861.3515625,
            "max": 71332.71875,
            "count": 10
        },
        "BasiqueAgent.Environment.EpisodeLength.mean": {
            "value": 14.508359133126936,
            "min": 14.508359133126936,
            "max": 110.26801801801801,
            "count": 10
        },
        "BasiqueAgent.Environment.EpisodeLength.sum": {
            "value": 46862.0,
            "min": 46833.0,
            "max": 49706.0,
            "count": 10
        },
        "BasiqueAgent.Step.mean": {
            "value": 499996.0,
            "min": 49995.0,
            "max": 499996.0,
            "count": 10
        },
        "BasiqueAgent.Step.sum": {
            "value": 499996.0,
            "min": 49995.0,
            "max": 499996.0,
            "count": 10
        },
        "BasiqueAgent.Policy.ExtrinsicValueEstimate.mean": {
            "value": 0.17119237780570984,
            "min": -0.4717481732368469,
            "max": 0.17119237780570984,
            "count": 10
        },
        "BasiqueAgent.Policy.ExtrinsicValueEstimate.sum": {
            "value": 560.1414794921875,
            "min": -562.2306518554688,
            "max": 560.1414794921875,
            "count": 10
        },
        "BasiqueAgent.Policy.CuriosityValueEstimate.mean": {
            "value": 2.352928876876831,
            "min": 0.9296048283576965,
            "max": 2.8687100410461426,
            "count": 10
        },
        "BasiqueAgent.Policy.CuriosityValueEstimate.sum": {
            "value": 7698.783203125,
            "min": 956.5633544921875,
            "max": 8303.05078125,
            "count": 10
        },
        "BasiqueAgent.Environment.CumulativeReward.mean": {
            "value": 0.18364818829358934,
            "min": -0.5643340857787811,
            "max": 0.18364818829358934,
            "count": 10
        },
        "BasiqueAgent.Environment.CumulativeReward.sum": {
            "value": 593.0,
            "min": -467.0,
            "max": 593.0,
            "count": 10
        },
        "BasiqueAgent.Policy.ExtrinsicReward.mean": {
            "value": 0.18364818829358934,
            "min": -0.5643340857787811,
            "max": 0.18364818829358934,
            "count": 10
        },
        "BasiqueAgent.Policy.ExtrinsicReward.sum": {
            "value": 593.0,
            "min": -467.0,
            "max": 593.0,
            "count": 10
        },
        "BasiqueAgent.Policy.CuriosityReward.mean": {
            "value": 0.009384824425246267,
            "min": 0.009384824425246267,
            "max": 2.8843233291665196,
            "count": 10
        },
        "BasiqueAgent.Policy.CuriosityReward.sum": {
            "value": 30.3035980691202,
            "min": 30.3035980691202,
            "max": 1277.7552348207682,
            "count": 10
        },
        "BasiqueAgent.Losses.PolicyLoss.mean": {
            "value": 0.02416613343171775,
            "min": 0.02284009686671197,
            "max": 0.025286304786180457,
            "count": 10
        },
        "BasiqueAgent.Losses.PolicyLoss.sum": {
            "value": 0.12083066715858876,
            "min": 0.09239534182318797,
            "max": 0.1264315239309023,
            "count": 10
        },
        "BasiqueAgent.Losses.ValueLoss.mean": {
            "value": 0.03991837659229834,
            "min": 0.01839449595659971,
            "max": 0.0682548964008068,
            "count": 10
        },
        "BasiqueAgent.Losses.ValueLoss.sum": {
            "value": 0.19959188296149172,
            "min": 0.09197247978299855,
            "max": 0.2730195856032272,
            "count": 10
        },
        "BasiqueAgent.Policy.LearningRate.mean": {
            "value": 5.576849442315999e-05,
            "min": 5.576849442315999e-05,
            "max": 0.0009485320051468001,
            "count": 10
        },
        "BasiqueAgent.Policy.LearningRate.sum": {
            "value": 0.00027884247211579997,
            "min": 0.00027884247211579997,
            "max": 0.0042803880719612,
            "count": 10
        },
        "BasiqueAgent.Policy.Epsilon.mean": {
            "value": 0.10557684000000003,
            "min": 0.10557684000000003,
            "max": 0.1948532,
            "count": 10
        },
        "BasiqueAgent.Policy.Epsilon.sum": {
            "value": 0.5278842000000001,
            "min": 0.5002728,
            "max": 0.9280388000000002,
            "count": 10
        },
        "BasiqueAgent.Policy.Beta.mean": {
            "value": 0.0002882843160000001,
            "min": 0.0002882843160000001,
            "max": 0.00474317468,
            "count": 10
        },
        "BasiqueAgent.Policy.Beta.sum": {
            "value": 0.0014414215800000005,
            "min": 0.0014414215800000005,
            "max": 0.02140913612,
            "count": 10
        },
        "BasiqueAgent.Losses.CuriosityForwardLoss.mean": {
            "value": 0.11854014664888382,
            "min": 0.11854014664888382,
            "max": 14.224741391340892,
            "count": 10
        },
        "BasiqueAgent.Losses.CuriosityForwardLoss.sum": {
            "value": 0.5927007332444191,
            "min": 0.5927007332444191,
            "max": 56.89896556536357,
            "count": 10
        },
        "BasiqueAgent.Losses.CuriosityInverseLoss.mean": {
            "value": 0.3756475188334783,
            "min": 0.2360863968729973,
            "max": 1.9685193250576656,
            "count": 10
        },
        "BasiqueAgent.Losses.CuriosityInverseLoss.sum": {
            "value": 1.8782375941673914,
            "min": 1.1804319843649864,
            "max": 8.87565111319224,
            "count": 10
        },
        "BasiqueAgent.IsTraining.mean": {
            "value": 1.0,
            "min": 1.0,
            "max": 1.0,
            "count": 10
        },
        "BasiqueAgent.IsTraining.sum": {
            "value": 1.0,
            "min": 1.0,
            "max": 1.0,
            "count": 10
        }
    },
    "metadata": {
        "timer_format_version": "0.1.0",
        "start_time_seconds": "1672839800",
        "python_version": "3.9.9 (tags/v3.9.9:ccb0e6a, Nov 15 2021, 18:08:50) [MSC v.1929 64 bit (AMD64)]",
        "command_line_arguments": "C:\\Users\\Benjamin\\IML_Project_RL-main\\IML_Project_RL\\venv\\Scripts\\mlagents-learn Config\\default_PPO_configuration.yaml --run-id=Training7",
        "mlagents_version": "0.30.0",
        "mlagents_envs_version": "0.30.0",
        "communication_protocol_version": "1.5.0",
        "pytorch_version": "1.7.1+cu110",
        "numpy_version": "1.21.2",
        "end_time_seconds": "1672840309"
    },
    "total": 508.4555693,
    "count": 1,
    "self": 0.009482699999978195,
    "children": {
        "run_training.setup": {
            "total": 0.09899519999999984,
            "count": 1,
            "self": 0.09899519999999984
        },
        "TrainerController.start_learning": {
            "total": 508.3470914,
            "count": 1,
            "self": 1.045524500004035,
            "children": {
                "TrainerController._reset_env": {
                    "total": 6.7321216,
                    "count": 1,
                    "self": 6.7321216
                },
                "TrainerController.advance": {
                    "total": 500.522298899996,
                    "count": 47318,
                    "self": 0.9239278999900762,
                    "children": {
                        "env_step": {
                            "total": 282.47302220000506,
                            "count": 47318,
                            "self": 236.70925930000573,