{
    "name": "root",
    "gauges": {
        "BasiqueAgentAdvanced.Policy.Entropy.mean": {
            "value": 1.397102952003479,
            "min": 1.397102952003479,
            "max": 1.4217404127120972,
            "count": 50
        },
        "BasiqueAgentAdvanced.Policy.Entropy.sum": {
            "value": 14004.560546875,
            "min": 13905.4970703125,
            "max": 14439.1162109375,
            "count": 50
        },
        "BasiqueAgentAdvanced.Environment.EpisodeLength.mean": {
            "value": 14.29922480620155,
            "min": 12.345991561181435,
            "max": 178.89473684210526,
            "count": 50
        },
        "BasiqueAgentAdvanced.Environment.EpisodeLength.sum": {
            "value": 9223.0,
            "min": 8204.0,
            "max": 11257.0,
            "count": 50
        },
        "BasiqueAgentAdvanced.Step.mean": {
            "value": 499999.0,
            "min": 9936.0,
            "max": 499999.0,
            "count": 50
        },
        "BasiqueAgentAdvanced.Step.sum": {
            "value": 499999.0,
            "min": 9936.0,
            "max": 499999.0,
            "count": 50
        },
        "BasiqueAgentAdvanced.Policy.ExtrinsicValueEstimate.mean": {
            "value": 0.7486569285392761,
            "min": -0.42604246735572815,
            "max": 0.8074179887771606,
            "count": 50
        },
        "BasiqueAgentAdvanced.Policy.ExtrinsicValueEstimate.sum": {
            "value": 498.60552978515625,
            "min": -78.39181518554688,
            "max": 596.681884765625,
            "count": 50
        },
        "BasiqueAgentAdvanced.Environment.CumulativeReward.mean": {
            "value": 0.7501936744003332,
            "min": -0.9022182618158266,
            "max": 0.8205624221297709,
            "count": 50
        },
        "BasiqueAgentAdvanced.Environment.CumulativeReward.sum": {
            "value": 483.87491998821497,
            "min": -77.33113579079509,
            "max": 568.9937325436622,
            "count": 50
        },
        "BasiqueAgentAdvanced.Policy.ExtrinsicReward.mean": {
            "value": 0.7501936744003332,
            "min": -0.9022182618158266,
            "max": 0.8205624221297709,
            "count": 50
        },
        "BasiqueAgentAdvanced.Policy.ExtrinsicReward.sum": {
            "value": 483.87491998821497,
            "min": -77.33113579079509,
            "max": 568.9937325436622,
            "count": 50
        },
        "BasiqueAgentAdvanced.IsTraining.mean": {
            "value": 1.0,
            "min": 1.0,
            "max": 1.0,
            "count": 50
        },
        "BasiqueAgentAdvanced.IsTraining.sum": {
            "value": 1.0,
            "min": 1.0,
            "max": 1.0,
            "count": 50
        },
        "BasiqueAgentAdvanced.Losses.PolicyLoss.mean": {
            "value": 0.01936869944135348,
            "min": 0.01667171383742243,
            "max": 0.030193937104195358,
            "count": 48
        },
        "BasiqueAgentAdvanced.Losses.PolicyLoss.sum": {
            "value": 0.01936869944135348,
            "min": 0.01667171383742243,
            "max": 0.030193937104195358,
            "count": 48
        },
        "BasiqueAgentAdvanced.Losses.ValueLoss.mean": {
            "value": 0.18665651281674703,
            "min": 0.045199908191959064,
            "max": 0.22106418559948604,
            "count": 48
        },
        "BasiqueAgentAdvanced.Losses.ValueLoss.sum": {
            "value": 0.18665651281674703,
            "min": 0.045199908191959064,
            "max": 0.22106418559948604,
            "count": 48
        },
        "BasiqueAgentAdvanced.Policy.LearningRate.mean": {
            "value": 1.484009851599996e-05,
            "min": 1.484009851599996e-05,
            "max": 0.0009794360020564,
            "count": 48
        },
        "BasiqueAgentAdvanced.Policy.LearningRate.sum": {
            "value": 1.484009851599996e-05,
            "min": 1.484009851599996e-05,
            "max": 0.0009794360020564,
            "count": 48
        },
        "BasiqueAgentAdvanced.Policy.Epsilon.mean": {
            "value": 0.10148400000000003,
            "min": 0.10148400000000003,
            "max": 0.19794360000000005,
            "count": 48
        },
        "BasiqueAgentAdvanced.Policy.Epsilon.sum": {
            "value": 0.10148400000000003,
            "min": 0.10148400000000003,
            "max": 0.19794360000000005,
            "count": 48
        },
        "BasiqueAgentAdvanced.Policy.Beta.mean": {
            "value": 8.405159999999981e-05,
            "min": 8.405159999999981e-05,
            "max": 0.00489738564,
            "count": 48
        },
        "BasiqueAgentAdvanced.Policy.Beta.sum": {
            "value": 8.405159999999981e-05,
            "min": 8.405159999999981e-05,
            "max": 0.00489738564,
            "count": 48
        }
    },
    "metadata": {
        "timer_format_version": "0.1.0",
        "start_time_seconds": "1673345858",
        "python_version": "3.9.9 (tags/v3.9.9:ccb0e6a, Nov 15 2021, 18:08:50) [MSC v.1929 64 bit (AMD64)]",
        "command_line_arguments": "C:\\Users\\Benjamin\\IML_Project_RL-main\\IML_Project_RL\\venv\\Scripts\\mlagents-learn Config\\default_PPO_configuration.yaml --run-id=Training_2Obs_10",
        "mlagents_version": "0.30.0",
        "mlagents_envs_version": "0.30.0",
        "communication_protocol_version": "1.5.0",
        "pytorch_version": "1.7.1+cu110",
        "numpy_version": "1.21.2",
        "end_time_seconds": "1673346535"
    },
    "total": 677.5760147999999,
    "count": 1,
    "self": 0.0073874999999361535,
    "children": {
        "run_training.setup": {
            "total": 0.11880519999999972,
            "count": 1,
            "self": 0.11880519999999972
        },
        "TrainerController.start_learning": {
            "total": 677.4498221,
            "count": 1,
            "self": 1.4700530000046683,
            "children": {
                "TrainerController._reset_env": {
                    "total": 9.268033800000001,
                    "count": 1,
                    "self": 9.268033800000001
                },
                "TrainerController.advance": {
                    "total": 666.6520705999955,
                    "count": 76294,
                    "self": 1.3740486999780614,
                    "children": {
                        "env_step": {
                            "total": 495.24938940001465,
                            "count": 76294,
                            "self": 395.0512660000164,
                            "children": {
                                "SubprocessEnvManager._take_step": {
                                    "total": 99.3017602000015,
                                    "count": 76294,
                                    "self": 3.61152350000593,
                                    "children": {
                                        "TorchPolicy.evaluate": {
                                            "total": 95.69023669999557,
                                            "count": 62511,
                                            "self": 95.69023669999557
                                        }
                                    }
                                },
                                "workers": {
                                    "total": 0.8963631999967525,
                                    "count": 76294,
                                    "self": 0.0,
                                    "children": {
                                        "worker_root": {
                                            "total": 668.8005165999889,
                                            "count": 76294,
                                            "is_parallel": true,
                                            "self": 346.44561519998956,