{
    "name": "root",
    "gauges": {
        "BasiqueAgentAdvanced.Policy.Entropy.mean": {
            "value": 1.3937771320343018,
            "min": 1.3917189836502075,
            "max": 1.420771837234497,
            "count": 50
        },
        "BasiqueAgentAdvanced.Policy.Entropy.sum": {
            "value": 13915.470703125,
            "min": 13778.029296875,
            "max": 14598.037109375,
            "count": 50
        },
        "BasiqueAgentAdvanced.Environment.EpisodeLength.mean": {
            "value": 67.09923664122137,
            "min": 53.14689265536723,
            "max": 340.35483870967744,
            "count": 50
        },
        "BasiqueAgentAdvanced.Environment.EpisodeLength.sum": {
            "value": 8790.0,
            "min": 8176.0,
            "max": 11862.0,
            "count": 50
        },
        "BasiqueAgentAdvanced.Step.mean": {
            "value": 499962.0,
            "min": 9946.0,
            "max": 499962.0,
            "count": 50
        },
        "BasiqueAgentAdvanced.Step.sum": {
            "value": 499962.0,
            "min": 9946.0,
            "max": 499962.0,
            "count": 50
        },
        "BasiqueAgentAdvanced.Policy.ExtrinsicValueEstimate.mean": {
            "value": 0.3449852764606476,
            "min": -0.3178432881832123,
            "max": 0.46744534373283386,
            "count": 50
        },
        "BasiqueAgentAdvanced.Policy.ExtrinsicValueEstimate.sum": {
            "value": 84.52139282226562,
            "min": -55.62257766723633,
            "max": 123.87301635742188,
            "count": 50
        },
        "BasiqueAgentAdvanced.Environment.CumulativeReward.mean": {
            "value": 0.5607515991020661,
            "min": -1.0798776419705725,
            "max": 0.6885183092359214,
            "count": 50
        },
        "BasiqueAgentAdvanced.Environment.CumulativeReward.sum": {
            "value": 72.8977078832686,
            "min": -78.83106786385179,
            "max": 117.73663087934256,
            "count": 50
        },
        "BasiqueAgentAdvanced.Policy.ExtrinsicReward.mean": {
            "value": 0.5607515991020661,
            "min": -1.0798776419705725,
            "max": 0.6885183092359214,
            "count": 50
        },
        "BasiqueAgentAdvanced.Policy.ExtrinsicReward.sum": {
            "value": 72.8977078832686,
            "min": -78.83106786385179,
            "max": 117.73663087934256,
            "count": 50
        },
        "BasiqueAgentAdvanced.IsTraining.mean": {
            "value": 1.0,
            "min": 1.0,
            "max": 1.0,
            "count": 50
        },
        "BasiqueAgentAdvanced.IsTraining.sum": {
            "value": 1.0,
            "min": 1.0,
            "max": 1.0,
            "count": 50
        },
        "BasiqueAgentAdvanced.Losses.PolicyLoss.mean": {
            "value": 0.02779300690939029,
            "min": 0.017585142073221503,
            "max": 0.03379459870047867,
            "count": 48
        },
        "BasiqueAgentAdvanced.Losses.PolicyLoss.sum": {
            "value": 0.02779300690939029,
            "min": 0.017585142073221503,
            "max": 0.03379459870047867,
            "count": 48
        },
        "BasiqueAgentAdvanced.Losses.ValueLoss.mean": {
            "value": 0.07743227692941825,
            "min": 0.016858567669987678,
            "max": 0.2643528843919436,
            "count": 48
        },
        "BasiqueAgentAdvanced.Losses.ValueLoss.sum": {
            "value": 0.07743227692941825,
            "min": 0.016858567669987678,
            "max": 0.2643528843919436,
            "count": 48
        },
        "BasiqueAgentAdvanced.Policy.LearningRate.mean": {
            "value": 1.4182098581800027e-05,
            "min": 1.4182098581800027e-05,
            "max": 0.0009794940020506,
            "count": 48
        },
        "BasiqueAgentAdvanced.Policy.LearningRate.sum": {
            "value": 1.4182098581800027e-05,
            "min": 1.4182098581800027e-05,
            "max": 0.0009794940020506,
            "count": 48
        },
        "BasiqueAgentAdvanced.Policy.Epsilon.mean": {
            "value": 0.10141819999999999,
            "min": 0.10141819999999999,
            "max": 0.19794939999999997,
            "count": 48
        },
        "BasiqueAgentAdvanced.Policy.Epsilon.sum": {
            "value": 0.10141819999999999,
            "min": 0.10141819999999999,
            "max": 0.19794939999999997,
            "count": 48
        },
        "BasiqueAgentAdvanced.Policy.Beta.mean": {
            "value": 8.076818000000017e-05,
            "min": 8.076818000000017e-05,
            "max": 0.0048976750599999995,
            "count": 48
        },
        "BasiqueAgentAdvanced.Policy.Beta.sum": {
            "value": 8.076818000000017e-05,
            "min": 8.076818000000017e-05,
            "max": 0.0048976750599999995,
            "count": 48
        }
    },
    "metadata": {
        "timer_format_version": "0.1.0",
        "start_time_seconds": "1673273973",
        "python_version": "3.9.9 (tags/v3.9.9:ccb0e6a, Nov 15 2021, 18:08:50) [MSC v.1929 64 bit (AMD64)]",
        "command_line_arguments": "C:\\Users\\Benjamin\\IML_Project_RL-main\\IML_Project_RL\\venv\\Scripts\\mlagents-learn Config\\default_PPO_configuration.yaml --run-id=Training_2Obs_9",
        "mlagents_version": "0.30.0",
        "mlagents_envs_version": "0.30.0",
        "communication_protocol_version": "1.5.0",
        "pytorch_version": "1.7.1+cu110",
        "numpy_version": "1.21.2",
        "end_time_seconds": "1673274675"
    },
    "total": 701.3084293000001,
    "count": 1,
    "self": 0.012222400000041489,
    "children": {
        "run_training.setup": {
            "total": 0.09467710000000018,
            "count": 1,
            "self": 0.09467710000000018
        },
        "TrainerController.start_learning": {
            "total": 701.2015298,
            "count": 1,
            "self": 1.246645900002818,
            "children": {
                "TrainerController._reset_env": {
                    "total": 9.1238651,
                    "count": 1,
                    "self": 9.1238651
                },
                "TrainerController.advance": {
                    "total": 690.7656121999971,
                    "count": 65751,
                    "self": 1.1353136999980507,
                    "children": {
                        "env_step": {
                            "total": 539.4456968999965,
                            "count": 65751,
                            "self": 433.48738519998216,
                            "children": {
                                "SubprocessEnvManager._take_step": {
                                    "total": 105.16126990000609,
                                    "count": 65751,
                                    "self": 3.728511399995142,
                                    "children": {
                                        "TorchPolicy.evaluate": {
                                            "total": 101.43275850001095,
                                            "count": 62527,
                                            "self": 101.43275850001095
                                        }
                                    }
                                },
                                "workers": {
                                    "total": 0.7970418000082446,
                                    "count": 65751,
                                    "self": 0.0,
                                    "children": {
                                        "worker_root": {
                                            "total": 691.6004867000019,
                                            "count": 65751,
                                            "is_parallel": true,
                                            "self": 323.9919783000073,