{
    "name": "root",
    "gauges": {
        "BasiqueAgentAdvanced.Policy.Entropy.mean": {
            "value": 1.3486872911453247,
            "min": 1.3486872911453247,
            "max": 1.4202510118484497,
            "count": 50
        },
        "BasiqueAgentAdvanced.Policy.Entropy.sum": {
            "value": 13551.609375,
            "min": 13323.4580078125,
            "max": 14518.576171875,
            "count": 50
        },
        "BasiqueAgentAdvanced.Environment.EpisodeLength.mean": {
            "value": 17.914338919925513,
            "min": 16.86101083032491,
            "max": 303.2647058823529,
            "count": 50
        },
        "BasiqueAgentAdvanced.Environment.EpisodeLength.sum": {
            "value": 9620.0,
            "min": 8017.0,
            "max": 11990.0,
            "count": 50
        },
        "BasiqueAgentAdvanced.Step.mean": {
            "value": 499992.0,
            "min": 9967.0,
            "max": 499992.0,
            "count": 50
        },
        "BasiqueAgentAdvanced.Step.sum": {
            "value": 499992.0,
            "min": 9967.0,
            "max": 499992.0,
            "count": 50
        },
        "BasiqueAgentAdvanced.Policy.ExtrinsicValueEstimate.mean": {
            "value": 0.7454618215560913,
            "min": 0.04819994792342186,
            "max": 0.8952784538269043,
            "count": 50
        },
        "BasiqueAgentAdvanced.Policy.ExtrinsicValueEstimate.sum": {
            "value": 436.09515380859375,
            "min": 8.627790451049805,
            "max": 445.6175537109375,
            "count": 50
        },
        "BasiqueAgentAdvanced.Environment.CumulativeReward.mean": {
            "value": 0.7705223880597015,
            "min": -0.9518072289156626,
            "max": 0.8254716981132075,
            "count": 50
        },
        "BasiqueAgentAdvanced.Environment.CumulativeReward.sum": {
            "value": 413.0,
            "min": -79.0,
            "max": 429.0,
            "count": 50
        },
        "BasiqueAgentAdvanced.Policy.ExtrinsicReward.mean": {
            "value": 0.7705223880597015,
            "min": -0.9518072289156626,
            "max": 0.8254716981132075,
            "count": 50
        },
        "BasiqueAgentAdvanced.Policy.ExtrinsicReward.sum": {
            "value": 413.0,
            "min": -79.0,
            "max": 429.0,
            "count": 50
        },
        "BasiqueAgentAdvanced.IsTraining.mean": {
            "value": 1.0,
            "min": 1.0,
            "max": 1.0,
            "count": 50
        },
        "BasiqueAgentAdvanced.IsTraining.sum": {
            "value": 1.0,
            "min": 1.0,
            "max": 1.0,
            "count": 50
        },
        "BasiqueAgentAdvanced.Losses.PolicyLoss.mean": {
            "value": 0.024149929499253632,
            "min": 0.015852228769411645,
            "max": 0.03246304982652267,
            "count": 48
        },
        "BasiqueAgentAdvanced.Losses.PolicyLoss.sum": {
            "value": 0.024149929499253632,
            "min": 0.015852228769411645,
            "max": 0.03246304982652267,
            "count": 48
        },
        "BasiqueAgentAdvanced.Losses.ValueLoss.mean": {
            "value": 0.08599137937029203,
            "min": 0.012822561990469694,
            "max": 0.41594602217276894,
            "count": 48
        },
        "BasiqueAgentAdvanced.Losses.ValueLoss.sum": {
            "value": 0.08599137937029203,
            "min": 0.012822561990469694,
            "max": 0.41594602217276894,
            "count": 48
        },
        "BasiqueAgentAdvanced.Policy.LearningRate.mean": {
            "value": 1.464009853599999e-05,
            "min": 1.464009853599999e-05,
            "max": 0.0009795060020494,
            "count": 48
        },
        "BasiqueAgentAdvanced.Policy.LearningRate.sum": {
            "value": 1.464009853599999e-05,
            "min": 1.464009853599999e-05,
            "max": 0.0009795060020494,
            "count": 48
        },
        "BasiqueAgentAdvanced.Policy.Epsilon.mean": {
            "value": 0.10292799999999998,
            "min": 0.10292799999999998,
            "max": 0.2959012,
            "count": 48
        },
        "BasiqueAgentAdvanced.Policy.Epsilon.sum": {
            "value": 0.10292799999999998,
            "min": 0.10292799999999998,
            "max": 0.2959012,
            "count": 48
        },
        "BasiqueAgentAdvanced.Policy.Beta.mean": {
            "value": 8.305359999999993e-05,
            "min": 8.305359999999993e-05,
            "max": 0.0048977349400000005,
            "count": 48
        },
        "BasiqueAgentAdvanced.Policy.Beta.sum": {
            "value": 8.305359999999993e-05,
            "min": 8.305359999999993e-05,
            "max": 0.0048977349400000005,
            "count": 48
        }
    },
    "metadata": {
        "timer_format_version": "0.1.0",
        "start_time_seconds": "1673349795",
        "python_version": "3.9.9 (tags/v3.9.9:ccb0e6a, Nov 15 2021, 18:08:50) [MSC v.1929 64 bit (AMD64)]",
        "command_line_arguments": "C:\\Users\\Benjamin\\IML_Project_RL-main\\IML_Project_RL\\venv\\Scripts\\mlagents-learn Config\\default_PPO_configuration.yaml --run-id=Training_2Obs_11",
        "mlagents_version": "0.30.0",
        "mlagents_envs_version": "0.30.0",
        "communication_protocol_version": "1.5.0",
        "pytorch_version": "1.7.1+cu110",
        "numpy_version": "1.21.2",
        "end_time_seconds": "1673350456"
    },
    "total": 661.189014,
    "count": 1,
    "self": 0.008662299999969036,
    "children": {
        "run_training.setup": {
            "total": 0.09718329999999975,
            "count": 1,
            "self": 0.09718329999999975
        },
        "TrainerController.start_learning": {
            "total": 661.0831684000001,
            "count": 1,
            "self": 1.3789190999916627,
            "children": {
                "TrainerController._reset_env": {
                    "total": 6.7040484,
                    "count": 1,
                    "self": 6.7040484
                },
                "TrainerController.advance": {
                    "total": 652.9321649000083,
                    "count": 71414,
                    "self": 1.3645820000122058,
                    "children": {
                        "env_step": {
                            "total": 492.91041309999486,
                            "count": 71414,
                            "self": 393.62309559999414,
                            "children": {
                                "SubprocessEnvManager._take_step": {
                                    "total": 98.41284110000198,
                                    "count": 71414,
                                    "self": 3.650444999996992,
                                    "children": {
                                        "TorchPolicy.evaluate": {
                                            "total": 94.76239610000499,
                                            "count": 62517,
                                            "self": 94.76239610000499
                                        }
                                    }
                                },
                                "workers": {
                                    "total": 0.8744763999987075,
                                    "count": 71414,
                                    "self": 0.0,
                                    "children": {
                                        "worker_root": {
                                            "total": 653.742585099994,
                                            "count": 71414,
                                            "is_parallel": true,
                                            "self": 330.2757765999941,