{
    "name": "root",
    "gauges": {
        "BasiqueAgentAdvanced.Policy.Entropy.mean": {
            "value": 1.4246569871902466,
            "min": 1.4189382791519165,
            "max": 1.4296971559524536,
            "count": 62
        },
        "BasiqueAgentAdvanced.Policy.Entropy.sum": {
            "value": 14178.1865234375,
            "min": 13872.658203125,
            "max": 15074.80078125,
            "count": 62
        },
        "BasiqueAgentAdvanced.Environment.EpisodeLength.mean": {
            "value": 206.9777777777778,
            "min": 206.9777777777778,
            "max": 283.2105263157895,
            "count": 62
        },
        "BasiqueAgentAdvanced.Environment.EpisodeLength.sum": {
            "value": 9314.0,
            "min": 8876.0,
            "max": 10762.0,
            "count": 62
        },
        "BasiqueAgentAdvanced.Step.mean": {
            "value": 619980.0,
            "min": 9956.0,
            "max": 619980.0,
            "count": 62
        },
        "BasiqueAgentAdvanced.Step.sum": {
            "value": 619980.0,
            "min": 9956.0,
            "max": 619980.0,
            "count": 62
        },
        "BasiqueAgentAdvanced.Policy.ExtrinsicValueEstimate.mean": {
            "value": -0.07944271713495255,
            "min": -0.22335757315158844,
            "max": 0.28755268454551697,
            "count": 62
        },
        "BasiqueAgentAdvanced.Policy.ExtrinsicValueEstimate.sum": {
            "value": -13.981918334960938,
            "min": -38.417503356933594,
            "max": 48.021297454833984,
            "count": 62
        },
        "BasiqueAgentAdvanced.Environment.CumulativeReward.mean": {
            "value": -0.17777777777777778,
            "min": -0.3953488372093023,
            "max": 0.05263157894736842,
            "count": 62
        },
        "BasiqueAgentAdvanced.Environment.CumulativeReward.sum": {
            "value": -8.0,
            "min": -17.0,
            "max": 2.0,
            "count": 62
        },
        "BasiqueAgentAdvanced.Policy.ExtrinsicReward.mean": {
            "value": -0.17777777777777778,
            "min": -0.3953488372093023,
            "max": 0.05263157894736842,
            "count": 62
        },
        "BasiqueAgentAdvanced.Policy.ExtrinsicReward.sum": {
            "value": -8.0,
            "min": -17.0,
            "max": 2.0,
            "count": 62
        },
        "BasiqueAgentAdvanced.IsTraining.mean": {
            "value": 1.0,
            "min": 1.0,
            "max": 1.0,
            "count": 62
        },
        "BasiqueAgentAdvanced.IsTraining.sum": {
            "value": 1.0,
            "min": 1.0,
            "max": 1.0,
            "count": 62
        },
        "BasiqueAgentAdvanced.Losses.PolicyLoss.mean": {
            "value": 0.02331050004189213,
            "min": 0.014577179743597905,
            "max": 0.03294844115152955,
            "count": 60
        },
        "BasiqueAgentAdvanced.Losses.PolicyLoss.sum": {
            "value": 0.02331050004189213,
            "min": 0.014577179743597905,
            "max": 0.03294844115152955,
            "count": 60
        },
        "BasiqueAgentAdvanced.Losses.ValueLoss.mean": {
            "value": 0.014444891797999541,
            "min": 0.0031531688834850985,
            "max": 0.03721705991774797,
            "count": 60
        },
        "BasiqueAgentAdvanced.Losses.ValueLoss.sum": {
            "value": 0.014444891797999541,
            "min": 0.0031531688834850985,
            "max": 0.03721705991774797,
            "count": 60
        },
        "BasiqueAgentAdvanced.Policy.LearningRate.mean": {
            "value": 5.3245282251600004e-05,
            "min": 5.3245282251600004e-05,
            "max": 0.00029578720140426674,
            "count": 60
        },
        "BasiqueAgentAdvanced.Policy.LearningRate.sum": {
            "value": 5.3245282251600004e-05,
            "min": 5.3245282251600004e-05,
            "max": 0.00029578720140426674,
            "count": 60
        },
        "BasiqueAgentAdvanced.Policy.Epsilon.mean": {
            "value": 0.1177484,
            "min": 0.1177484,
            "max": 0.1985957333333334,
            "count": 60
        },
        "BasiqueAgentAdvanced.Policy.Epsilon.sum": {
            "value": 0.1177484,
            "min": 0.1177484,
            "max": 0.1985957333333334,
            "count": 60
        },
        "BasiqueAgentAdvanced.Policy.Beta.mean": {
            "value": 0.00089564516,
            "min": 0.00089564516,
            "max": 0.004929927093333334,
            "count": 60
        },
        "BasiqueAgentAdvanced.Policy.Beta.sum": {
            "value": 0.00089564516,
            "min": 0.00089564516,
            "max": 0.004929927093333334,
            "count": 60
        }
    },
    "metadata": {
        "timer_format_version": "0.1.0",
        "start_time_seconds": "1673209335",
        "python_version": "3.9.9 (tags/v3.9.9:ccb0e6a, Nov 15 2021, 18:08:50) [MSC v.1929 64 bit (AMD64)]",
        "command_line_arguments": "C:\\Users\\enzo1\\Documents\\ENIB S9\\IML\\projet\\venv\\Scripts\\mlagents-learn config/default_PPO_configuration.yaml --run-id=advancedAgent_2",
        "mlagents_version": "0.30.0",
        "mlagents_envs_version": "0.30.0",
        "communication_protocol_version": "1.5.0",
        "pytorch_version": "1.7.1+cu110",
        "numpy_version": "1.21.2",
        "end_time_seconds": "1673210872"
    },
    "total": 1536.6683143,
    "count": 1,
    "self": 0.011173699999972087,
    "children": {
        "run_training.setup": {
            "total": 0.26517380000000124,
            "count": 1,
            "self": 0.26517380000000124
        },
        "TrainerController.start_learning": {
            "total": 1536.3919668,
            "count": 1,
            "self": 1.7400292999930116,
            "children": {
                "TrainerController._reset_env": {
                    "total": 22.561847500000002,
                    "count": 1,
                    "self": 22.561847500000002
                },
                "TrainerController.advance": {
                    "total": 1511.795995500007,
                    "count": 40824,
                    "self": 1.7201444000274932,
                    "children": {
                        "env_step": {
                            "total": 1135.0583574999941,
                            "count": 40824,
                            "self": 966.7491976000063,
                            "children": {
                                "SubprocessEnvManager._take_step": {
                                    "total": 167.27810750000452,
                                    "count": 40824,
                                    "self": 5.923524600007823,
                                    "children": {
                                        "TorchPolicy.evaluate": {
                                            "total": 161.3545828999967,
                                            "count": 39034,
                                            "self": 161.3545828999967
                                        }
                                    }
                                },
                                "workers": {
                                    "total": 1.0310523999833734,
                                    "count": 40823,
                                    "self": 0.0,
                                    "children": {
                                        "worker_root": {
                                            "total": 1456.0609152000025,
                                            "count": 40823,
                                            "is_parallel": true,
                                            "self": 670.1369726000121,