{
    "name": "root",
    "gauges": {
        "BasiqueAgentAdvanced.Policy.Entropy.mean": {
            "value": 1.1350513696670532,
            "min": 1.1300415992736816,
            "max": 1.4154846668243408,
            "count": 50
        },
        "BasiqueAgentAdvanced.Policy.Entropy.sum": {
            "value": 56811.58984375,
            "min": 56452.359375,
            "max": 71252.7421875,
            "count": 50
        },
        "BasiqueAgentAdvanced.Step.mean": {
            "value": 2499940.0,
            "min": 49998.0,
            "max": 2499940.0,
            "count": 50
        },
        "BasiqueAgentAdvanced.Step.sum": {
            "value": 2499940.0,
            "min": 49998.0,
            "max": 2499940.0,
            "count": 50
        },
        "BasiqueAgentAdvanced.Policy.ExtrinsicValueEstimate.mean": {
            "value": 0.42921310663223267,
            "min": -0.42412394285202026,
            "max": 0.5857234597206116,
            "count": 50
        },
        "BasiqueAgentAdvanced.Policy.ExtrinsicValueEstimate.sum": {
            "value": 439.94342041015625,
            "min": -340.14739990234375,
            "max": 657.7674560546875,
            "count": 50
        },
        "BasiqueAgentAdvanced.Environment.EpisodeLength.mean": {
            "value": 86.31627056672761,
            "min": 59.929539295392956,
            "max": 1617.48,
            "count": 50
        },
        "BasiqueAgentAdvanced.Environment.EpisodeLength.sum": {
            "value": 47215.0,
            "min": 40437.0,
            "max": 58132.0,
            "count": 50
        },
        "BasiqueAgentAdvanced.Environment.CumulativeReward.mean": {
            "value": 0.48166121583241617,
            "min": -15.996544505357742,
            "max": 0.6255294008427842,
            "count": 50
        },
        "BasiqueAgentAdvanced.Environment.CumulativeReward.sum": {
            "value": 263.95034627616405,
            "min": -433.2518373578787,
            "max": 461.64069782197475,
            "count": 50
        },
        "BasiqueAgentAdvanced.Policy.ExtrinsicReward.mean": {
            "value": 0.48166121583241617,
            "min": -15.996544505357742,
            "max": 0.6255294008427842,
            "count": 50
        },
        "BasiqueAgentAdvanced.Policy.ExtrinsicReward.sum": {
            "value": 263.95034627616405,
            "min": -433.2518373578787,
            "max": 461.64069782197475,
            "count": 50
        },
        "BasiqueAgentAdvanced.Losses.PolicyLoss.mean": {
            "value": 0.023930952148512007,
            "min": 0.01950337236436705,
            "max": 0.026512397387996316,
            "count": 50
        },
        "BasiqueAgentAdvanced.Losses.PolicyLoss.sum": {
            "value": 0.11965476074256003,
            "min": 0.08727197761957844,
            "max": 0.13256198693998159,
            "count": 50
        },
        "BasiqueAgentAdvanced.Losses.ValueLoss.mean": {
            "value": 0.01235040869253377,
            "min": 0.004300126655337711,
            "max": 0.026108871501249575,
            "count": 50
        },
        "BasiqueAgentAdvanced.Losses.ValueLoss.sum": {
            "value": 0.061752043462668854,
            "min": 0.021500633276688552,
            "max": 0.1044354860049983,
            "count": 50
        },
        "BasiqueAgentAdvanced.Policy.LearningRate.mean": {
            "value": 9.294339070575988e-06,
            "min": 9.294339070575988e-06,
            "max": 0.0009894444010555598,
            "count": 50
        },
        "BasiqueAgentAdvanced.Policy.LearningRate.sum": {
            "value": 4.647169535287994e-05,
            "min": 4.647169535287994e-05,
            "max": 0.0048546040145396,
            "count": 50
        },
        "BasiqueAgentAdvanced.Policy.Epsilon.mean": {
            "value": 0.100929424,
            "min": 0.100929424,
            "max": 0.19894443999999997,
            "count": 50
        },
        "BasiqueAgentAdvanced.Policy.Epsilon.sum": {
            "value": 0.50464712,
            "min": 0.4439838,
            "max": 0.9854604,
            "count": 50
        },
        "BasiqueAgentAdvanced.Policy.Beta.mean": {
            "value": 5.637825759999994e-05,
            "min": 5.637825759999994e-05,
            "max": 0.004947327555999999,
            "count": 50
        },
        "BasiqueAgentAdvanced.Policy.Beta.sum": {
            "value": 0.0002818912879999997,
            "min": 0.0002818912879999997,
            "max": 0.024274473959999997,
            "count": 50
        },
        "BasiqueAgentAdvanced.IsTraining.mean": {
            "value": 1.0,
            "min": 1.0,
            "max": 1.0,
            "count": 50
        },
        "BasiqueAgentAdvanced.IsTraining.sum": {
            "value": 1.0,
            "min": 1.0,
            "max": 1.0,
            "count": 50
        }
    },
    "metadata": {
        "timer_format_version": "0.1.0",
        "start_time_seconds": "1673780244",
        "python_version": "3.9.9 (tags/v3.9.9:ccb0e6a, Nov 15 2021, 18:08:50) [MSC v.1929 64 bit (AMD64)]",
        "command_line_arguments": "C:\\Users\\Benjamin\\IML_Project_RL-main\\IML_Project_RL\\venv\\Scripts\\mlagents-learn Config\\default_PPO_configuration.yaml --run-id=Training_NoAlea_4",
        "mlagents_version": "0.30.0",
        "mlagents_envs_version": "0.30.0",
        "communication_protocol_version": "1.5.0",
        "pytorch_version": "1.7.1+cu110",
        "numpy_version": "1.21.2",
        "end_time_seconds": "1673782507"
    },
    "total": 2262.6785314,
    "count": 1,
    "self": 0.007543299999724695,
    "children": {
        "run_training.setup": {
            "total": 0.12479009999999935,
            "count": 1,
            "self": 0.12479009999999935
        },
        "TrainerController.start_learning": {
            "total": 2262.546198,
            "count": 1,
            "self": 4.240440699955798,
            "children": {
                "TrainerController._reset_env": {
                    "total": 29.135451800000006,
                    "count": 1,
                    "self": 29.135451800000006
                },
                "TrainerController.advance": {
                    "total": 2229.1176622000444,
                    "count": 208356,
                    "self": 3.8690013000964427,
                    "children": {
                        "env_step": {
                            "total": 1369.6510288999937,
                            "count": 208356,
                            "self": 1025.0008576999821,
                            "children": {
                                "SubprocessEnvManager._take_step": {
                                    "total": 342.0706122999891,
                                    "count": 208356,
                                    "self": 12.894972300020413,
                                    "children": {
                                        "TorchPolicy.evaluate": {
                                            "total": 329.17563999996867,
                                            "count": 208356,
                                            "self": 329.17563999996867
                                        }
                                    }
                                },
                                "workers": {
                                    "total": 2.5795589000225405,
                                    "count": 208356,
                                    "self": 0.0,
                                    "children": {
                                        "worker_root": {
                                            "total": 2230.560968400027,
                                            "count": 208356,
                                            "is_parallel": true,
                                            "self": 1451.017720000007,