{"count":1,"self":25.306559999999998,"total":25.379301599999998,"children":{"InitializeActuators":{"count":16,"self":0.0019942,"total":0.0019942,"children":null},"InitializeSensors":{"count":16,"self":0.0019947999999999997,"total":0.0019947999999999997,"children":null},"AgentSendState":{"count":1003,"self":0.013952899999999999,"total":0.033759,"children":{"CollectObservations":{"count":3216,"self":0.0098757,"total":0.0098757,"children":null},"WriteActionMask":{"count":3216,"self":0.0039870999999999995,"total":0.0039870999999999995,"children":null},"RequestDecision":{"count":3216,"self":0.0059432999999999995,"total":0.0059432999999999995,"children":null}}},"DecideAction":{"count":1003,"self":0.011654,"total":0.011654,"children":null},"AgentAct":{"count":1003,"self":0.023340299999999998,"total":0.023340299999999998,"children":null}},"gauges":{"BasiqueAgent.CumulativeReward":{"count":20,"max":1,"min":-1,"runningAverage":0.05,"value":0,"weightedAverage":0.00459368946}},"metadata":{"timer_format_version":"0.1.0","start_time_seconds":"1672164448","unity_version":"2021.3.9f1","command_line_arguments":"C:\\Program Files\\Unity\\Hub\\Editor\\2021.3.9f1\\Editor\\Unity.exe -projectpath C:\\Users\\enzo1\\Documents\\ENIB S9\\IML\\projet\\V2_RL\\IML_RL -useHub -hubIPC -cloudEnvironment production -licensingIpc LicenseClient-enzo1 -hubSessionId 5cb50490-860c-11ed-8a2e-a9d0ff011001 -accessToken R1w5cMo868Qv6ACB-3yP5FA6l_Z-4cbX4XudWG4TvKM008f","communication_protocol_version":"1.5.0","com.unity.ml-agents_version":"2.0.1","scene_name":"SampleScene","end_time_seconds":"1672164473"}}