{"count":1,"self":467.560192,"total":1466.4594994,"children":{"InitializeActuators":{"count":8,"self":0.0019976,"total":0.0019976,"children":null},"InitializeSensors":{"count":8,"self":0.001996,"total":0.001996,"children":null},"AgentSendState":{"count":625184,"self":33.666672,"total":63.0993912,"children":{"CollectObservations":{"count":1000296,"self":6.4341224,"total":6.4341225,"children":null},"WriteActionMask":{"count":1000296,"self":0.9450343,"total":0.9450343,"children":null},"RequestDecision":{"count":1000296,"self":4.05742,"total":22.053562799999998,"children":{"AgentInfo.ToProto":{"count":1000296,"self":3.5748979999999997,"total":17.996142799999998,"children":{"GenerateSensorData":{"count":1000296,"self":12.0773552,"total":14.421244699999999,"children":{"RayPerceptionSensor.Perceive":{"count":1000296,"self":2.3438898,"total":2.3438898,"children":null}}}}}}}}},"DecideAction":{"count":625184,"self":921.8573312,"total":921.85733429999993,"children":null},"AgentAct":{"count":625184,"self":13.749371199999999,"total":13.762254899999999,"children":{"AgentInfo.ToProto":{"count":665,"self":0.0019695,"total":0.012884,"children":{"GenerateSensorData":{"count":665,"self":0.0099540999999999987,"total":0.010914499999999999,"children":{"RayPerceptionSensor.Perceive":{"count":665,"self":0.00096039999999999993,"total":0.00096039999999999993,"children":null}}}}}}},"AgentInfo.ToProto":{"count":5770,"self":0.042679999999999996,"total":0.1763455,"children":{"GenerateSensorData":{"count":5770,"self":0.1118536,"total":0.1336655,"children":{"RayPerceptionSensor.Perceive":{"count":5770,"self":0.0218119,"total":0.0218119,"children":null}}}}}},"gauges":{"BasiqueAgentAdvanced.CumulativeReward":{"count":6435,"max":1.79380631,"min":-3.98057437,"runningAverage":-0.8967571,"value":-0.975598454,"weightedAverage":-0.6346823}},"metadata":{"timer_format_version":"0.1.0","start_time_seconds":"1673433712","unity_version":"2021.3.9f1","command_line_arguments":"C:\\Program Files\\Unity\\Hub\\Editor\\2021.3.9f1\\Editor\\Unity.exe -projectpath C:\\Users\\Benjamin\\IML_Project_RL-main\\IML_Project_RL\\IML_RL -useHub -hubIPC -cloudEnvironment production -licensingIpc LicenseClient-Benjamin -hubSessionId 3e889510-9190-11ed-a36d-e710265ced81 -accessToken eOlGe3iqIqMoXrICWIQGPz6-eSdrx7pLuPNzbrh5vBY008f","communication_protocol_version":"1.5.0","com.unity.ml-agents_version":"2.0.1","scene_name":"Training_2","end_time_seconds":"1673435178"}}