{"count":1,"self":129.776768,"total":2236.8221061,"children":{"InitializeActuators":{"count":12,"self":0.0029909999999999997,"total":0.0029909999999999997,"children":null},"InitializeSensors":{"count":12,"self":0.0029917,"total":0.0029917,"children":null},"AgentSendState":{"count":208367,"self":110.06095359999999,"total":170.0428938,"children":{"CollectObservations":{"count":2500404,"self":5.050026,"total":5.0500259,"children":null},"WriteActionMask":{"count":2500404,"self":1.7769024,"total":1.7769023,"children":null},"RequestDecision":{"count":2500404,"self":8.117372,"total":53.1550157,"children":{"AgentInfo.ToProto":{"count":2500404,"self":6.9280184,"total":45.0376439,"children":{"GenerateSensorData":{"count":2500404,"self":29.389232,"total":38.109625199999996,"children":{"RayPerceptionSensor.Perceive":{"count":5000808,"self":8.7203944,"total":8.7203945999999988,"children":null}}}}}}}}},"DecideAction":{"count":208367,"self":1929.4117887999998,"total":1929.4117406999999,"children":null},"AgentAct":{"count":208367,"self":6.9265216,"total":6.9334723,"children":{"AgentInfo.ToProto":{"count":175,"self":0.0009975,"total":0.0069504,"children":{"GenerateSensorData":{"count":175,"self":0.0029571999999999997,"total":0.0059529,"children":{"RayPerceptionSensor.Perceive":{"count":350,"self":0.0029957,"total":0.0029957,"children":null}}}}}}},"AgentInfo.ToProto":{"count":21119,"self":0.15666539999999998,"total":0.6502511,"children":{"GenerateSensorData":{"count":21119,"self":0.3771022,"total":0.49358569999999996,"children":{"RayPerceptionSensor.Perceive":{"count":42238,"self":0.11648349999999999,"total":0.11648349999999999,"children":null}}}}}},"gauges":{"BasiqueAgentAdvanced.CumulativeReward":{"count":21294,"max":0.925075352,"min":-46.8296051,"runningAverage":0.31825152,"value":0.4521944,"weightedAverage":0.489296734}},"metadata":{"timer_format_version":"0.1.0","start_time_seconds":"1673780270","unity_version":"2021.3.9f1","command_line_arguments":"C:\\Program Files\\Unity\\Hub\\Editor\\2021.3.9f1\\Editor\\Unity.exe -projectpath C:\\Users\\Benjamin\\IML_Project_RL-main\\IML_Project_RL\\IML_RL -useHub -hubIPC -cloudEnvironment production -licensingIpc LicenseClient-Benjamin -hubSessionId f17e8f50-94b8-11ed-adc3-13d8b07b421f -accessToken HamlJdFOApR1V6KNWsPEqT9NjdD_4N8HLL5imne5sBQ008f","communication_protocol_version":"1.5.0","com.unity.ml-agents_version":"2.0.1","scene_name":"Training_2","end_time_seconds":"1673782507"}}