{"count":1,"self":80.21896319999999,"total":457.4435711,"children":{"InitializeActuators":{"count":16,"self":0.0009957,"total":0.0009957,"children":null},"InitializeSensors":{"count":16,"self":0.00099629999999999988,"total":0.00099629999999999988,"children":null},"AgentSendState":{"count":156334,"self":1.8524341999999998,"total":7.505684,"children":{"CollectObservations":{"count":500272,"self":1.0426357,"total":1.0426357,"children":null},"WriteActionMask":{"count":500272,"self":0.34383769999999997,"total":0.34383769999999997,"children":null},"RequestDecision":{"count":500272,"self":1.3225444,"total":4.2667763999999995,"children":{"AgentInfo.ToProto":{"count":500272,"self":1.2429938999999999,"total":2.944232,"children":{"GenerateSensorData":{"count":500272,"self":1.701238,"total":1.7012380999999999,"children":null}}}}}}},"DecideAction":{"count":156334,"self":366.47736319999996,"total":366.4773648,"children":null},"AgentAct":{"count":156334,"self":3.0644316,"total":3.0803860999999997,"children":{"AgentInfo.ToProto":{"count":1103,"self":0.0069806999999999994,"total":0.0159545,"children":{"GenerateSensorData":{"count":1103,"self":0.0089737999999999988,"total":0.0089737999999999988,"children":null}}}}},"AgentInfo.ToProto":{"count":9691,"self":0.0745107,"total":0.15718649999999998,"children":{"GenerateSensorData":{"count":9691,"self":0.0826758,"total":0.0826758,"children":null}}}},"gauges":{"BasiqueAgent.CumulativeReward":{"count":10794,"max":1,"min":-2,"runningAverage":0.8747441,"value":1,"weightedAverage":0.9999999}},"metadata":{"timer_format_version":"0.1.0","start_time_seconds":"1672842490","unity_version":"2021.3.9f1","command_line_arguments":"C:\\Program Files\\Unity\\Hub\\Editor\\2021.3.9f1\\Editor\\Unity.exe -projectpath C:\\Users\\Benjamin\\IML_Project_RL-main\\IML_Project_RL\\IML_RL -useHub -hubIPC -cloudEnvironment production -licensingIpc LicenseClient-Benjamin -hubSessionId ac51e210-8c16-11ed-b54c-397cafb4945a -accessToken ryGz7naDZjrNWXgBSalJJIsrtigVeVEYXPxUz3swtyA008f","communication_protocol_version":"1.5.0","com.unity.ml-agents_version":"2.0.1","scene_name":"Training_1","end_time_seconds":"1672842948"}}